member_id,full_name,first_name,last_name,constituency_name,party
172,Ms Diane Abbott,Diane,Abbott,Hackney North and Stoke Newington,Independent
5131,Jack Abbott,Jack,Abbott,Ipswich,Labour (Co-op)
4212,Debbie Abrahams,Debbie,Abrahams,Oldham East and Saddleworth,Labour
5120,Shockat Adam,Shockat,Adam,Leicester South,Independent
5213,Dr Zubir Ahmed,Zubir,Ahmed,Glasgow South West,Labour
5112,Luke Akehurst,Luke,Akehurst,North Durham,Labour
5097,Mr Bayo Alaba,Bayo,Alaba,Southend East and Rochford,Labour
5172,Dan Aldridge,Dan,Aldridge,Weston-super-Mare,Labour
632,Mr Douglas Alexander,Douglas,Alexander,Lothian East,Labour (Co-op)
4038,Heidi Alexander,Heidi,Alexander,Swindon South,Labour
5312,Sadik Al-Hassan,Sadik,Al-Hassan,North Somerset,Labour
4138,Rushanara Ali,Rushanara,Ali,Bethnal Green and Stepney,Labour
4747,Tahir Ali,Tahir,Ali,Birmingham Hall Green and Moseley,Labour
4573,Dr Rosena Allin-Khan,Rosena,Allin-Khan,Tooting,Labour
5356,Jim Allister,Jim,Allister,North Antrim,Traditional Unionist Voice
5250,Gideon Amos,Gideon,Amos,Taunton and Wellington,Liberal Democrat
5193,Callum Anderson,Callum,Anderson,Buckingham and Bletchley,Labour
4788,Fleur Anderson,Fleur,Anderson,Putney,Labour
4743,Lee Anderson,Lee,Anderson,Ashfield,Reform UK
4742,Stuart Anderson,Stuart,Anderson,South Shropshire,Conservative
4032,Stuart Andrew,Stuart,Andrew,Daventry,Conservative
4623,Tonia Antoniazzi,Tonia,Antoniazzi,Gower,Labour
5164,Steff Aquarone,Steff,Aquarone,North Norfolk,Liberal Democrat
4362,Edward Argar,Edward,Argar,Melton and Syston,Conservative
5212,Dr Scott Arthur,Scott,Arthur,Edinburgh South West,Labour
5156,Jess Asato,Jess,Asato,Lowestoft,Labour
5211,James Asser,James,Asser,West Ham and Beckton,Labour
5227,Jas Athwal,Jas,Athwal,Ilford South,Labour
4399,Victoria Atkins,Victoria,Atkins,Louth and Horncastle,Conservative
5143,Catherine Atkinson,Catherine,Atkinson,Derby North,Labour
5028,Lewis Atkinson,Lewis,Atkinson,Sunderland Central,Labour
5086,Josh Babarinde,Josh,Babarinde,Eastbourne,Liberal Democrat
4798,Gareth Bacon,Gareth,Bacon,Orpington,Conservative
4597,Mrs Kemi Badenoch,Kemi,Badenoch,North West Essex,Conservative
5054,Mr Calvin Bailey,Calvin,Bailey,Leyton and Wanstead,Labour
5337,Olivia Bailey,Olivia,Bailey,Reading West and Mid Berkshire,Labour
5092,David Baines,David,Baines,St Helens North,Labour
5173,Alex Baker,Alex,Baker,Aldershot,Labour
5253,Richard Baker,Richard,Baker,Glenrothes and Mid Fife,Labour
4107,Dame Harriett Baldwin,Harriett,Baldwin,West Worcestershire,Conservative
5238,Alex Ballinger,Alex,Ballinger,Halesowen,Labour
5048,Antonia Bance,Antonia,Bance,Tipton and Wednesbury,Labour
4095,Steve Barclay,Steve,Barclay,North East Cambridgeshire,Conservative
4828,Paula Barker,Paula,Barker,Liverpool Wavertree,Labour
5315,Lee Barron,Lee,Barron,Corby and East Northamptonshire,Labour
5175,Mr Alex Barros-Curtis,Alex,Barros-Curtis,Cardiff West,Labour
5063,Johanna Baxter,Johanna,Baxter,Paisley and Renfrewshire South,Labour
5339,Danny Beales,Danny,Beales,Uxbridge and South Ruislip,Labour
5232,Lorraine Beavers,Lorraine,Beavers,Blackpool North and Fleetwood,Labour
5330,Mr Peter Bedford,Peter,Bedford,Mid Leicestershire,Conservative
4697,Órfhlaith Begley,Órfhlaith,Begley,West Tyrone,Sinn Féin
4790,Apsana Begum,Apsana,Begum,Poplar and Limehouse,Independent
5069,Torsten Bell,Torsten,Bell,Swansea West,Labour
413,Hilary Benn,Hilary,Benn,Leeds South,Labour
5283,Alison Bennett,Alison,Bennett,Mid Sussex,Liberal Democrat
5314,Siân Berry,Siân,Berry,Brighton Pavilion,Green Party
394,Mr Clive Betts,Clive,Betts,Sheffield South East,Labour
4818,Saqib Bhatti,Saqib,Bhatti,Meriden and Solihull East,Conservative
5123,Ms Polly Billington,Polly,Billington,East Thanet,Labour
5323,Matt Bishop,Matt,Bishop,Forest of Dean,Labour
4005,Bob Blackman,Bob,Blackman,Harrow East,Conservative
4357,Kirsty Blackman,Kirsty,Blackman,Aberdeen North,Scottish National Party
4864,Olivia Blake,Olivia,Blake,Sheffield Hallam,Labour
5257,Rachel Blake,Rachel,Blake,Cities of London and Westminster,Labour (Co-op)
5109,Chris Bloore,Chris,Bloore,Redditch,Labour
5084,Mrs Elsie Blundell,Elsie,Blundell,Heywood and Middleton North,Labour
5051,Kevin Bonavia,Kevin,Bonavia,Stevenage,Labour
5355,Sarah Bool,Sarah,Bool,South Northamptonshire,Conservative
5236,Jade Botterill,Jade,Botterill,Ossett and Denby Dale,Labour
4601,Andrew Bowie,Andrew,Bowie,West Aberdeenshire and Kincardine,Conservative
5152,Mrs Sureena Brackenridge,Sureena,Brackenridge,Wolverhampton North East,Labour
4110,Dame Karen Bradley,Karen,Bradley,Staffordshire Moorlands,Conservative
5241,Aphra Brandreth,Aphra,Brandreth,Chester South and Eddisbury,Conservative
5045,Mr Jonathan Brash,Jonathan,Brash,Hartlepool,Labour
4475,Suella Braverman,Suella,Braverman,Fareham and Waterlooville,Conservative
5263,Alex Brewer,Alex,Brewer,North East Hampshire,Liberal Democrat
5128,Phil Brickell,Phil,Brickell,Bolton West,Labour
5335,Jess Brown-Fuller,Jess,Brown-Fuller,Chichester,Liberal Democrat
1446,Chris Bryant,Chris,Bryant,Rhondda and Ogmore,Labour
5171,Julia Buckley,Julia,Buckley,Shrewsbury,Labour
4613,Alex Burghart,Alex,Burghart,Brentwood and Ongar,Conservative
4493,Richard Burgon,Richard,Burgon,Leeds East,Labour
5137,Maureen Burke,Maureen,Burke,Glasgow North East,Labour
5106,David Burton-Sampson,David,Burton-Sampson,Southend West and Leigh,Labour
1489,Dawn Butler,Dawn,Butler,Brent East,Labour
4831,Ian Byrne,Ian,Byrne,Liverpool West Derby,Labour
1171,Liam Byrne,Liam,Byrne,Birmingham Hodge Hill and Solihull North,Labour
4389,Ruth Cadbury,Ruth,Cadbury,Brentford and Isleworth,Labour
5180,Nesil Caliskan,Nesil,Caliskan,Barking,Labour
529,Sir Alan Campbell,Alan,Campbell,Tynemouth,Labour
1409,Mr Gregory Campbell,Gregory,Campbell,East Londonderry,Democratic Unionist Party
5145,Irene Campbell,Irene,Campbell,North Ayrshire and Arran,Labour
5058,Juliet Campbell,Juliet,Campbell,Broxtowe,Labour
5124,Markus Campbell-Savours,Markus,Campbell-Savours,Penrith and Solway,Labour
5182,Charlotte Cane,Charlotte,Cane,Ely and East Cambridgeshire,Liberal Democrat
4651,Dan Carden,Dan,Carden,Liverpool Walton,Labour
5308,Sam Carling,Sam,Carling,North West Cambridgeshire,Labour
1442,Mr Alistair Carmichael,Alistair,Carmichael,Orkney and Shetland,Liberal Democrat
5235,Al Carns,Al,Carns,Birmingham Selly Oak,Labour
4519,James Cartlidge,James,Cartlidge,South Suffolk,Conservative
5284,David Chadwick,David,Chadwick,"Brecon, Radnor and Cwm Tawe",Liberal Democrat
4765,Wendy Chamberlain,Wendy,Chamberlain,North East Fife,Liberal Democrat
5304,Dr Danny Chambers,Danny,Chambers,Winchester,Liberal Democrat
4267,Sarah Champion,Sarah,Champion,Rotherham,Labour
4610,Bambos Charalambous,Bambos,Charalambous,Southgate and Wood Green,Labour
5199,Mr Luke Charters,Luke,Charters,York Outer,Labour
242,Sir Christopher Chope,Christopher,Chope,Christchurch,Conservative
5249,Ellie Chowns,Ellie,Chowns,North Herefordshire,Green Party
4822,Feryal Clark,Feryal,Clark,Enfield North,Labour
4366,Sir James Cleverly,James,Cleverly,Braintree,Conservative
249,Sir Geoffrey Clifton-Brown,Geoffrey,Clifton-Brown,North Cotswolds,Conservative
5050,Lewis Cocking,Lewis,Cocking,Broxbourne,Conservative
5198,Chris Coghlan,Chris,Coghlan,Dorking and Horley,Liberal Democrat
5344,Ben Coleman,Ben,Coleman,Chelsea and Fulham,Labour
5077,Jacob Collier,Jacob,Collier,Burton and Uttoxeter,Labour
5225,Lizzi Collinge,Lizzi,Collinge,Morecambe and Lunesdale,Labour
5087,Tom Collins,Tom,Collins,Worcester,Labour
5201,Victoria Collins,Victoria,Collins,Harpenden and Berkhamsted,Liberal Democrat
5132,Liam Conlon,Liam,Conlon,Beckenham and Penge,Labour
5088,Sarah Coombes,Sarah,Coombes,West Bromwich,Labour
5195,Andrew Cooper,Andrew,Cooper,Mid Cheshire,Labour
5307,Dr Beccy Cooper,Beccy,Cooper,Worthing West,Labour
4769,Daisy Cooper,Daisy,Cooper,St Albans,Liberal Democrat
5358,John Cooper,John,Cooper,Dumfries and Galloway,Conservative
420,Yvette Cooper,Yvette,Cooper,"Pontefract, Castleford and Knottingley",Labour
185,Jeremy Corbyn,Jeremy,Corbyn,Islington North,Independent
4439,Alberto Costa,Alberto,Costa,South Leicestershire,Conservative
5075,Deirdre Costigan,Deirdre,Costigan,Ealing Southall,Labour
4806,Claire Coutinho,Claire,Coutinho,East Surrey,Conservative
1508,Sir Geoffrey Cox,Geoffrey,Cox,Torridge and Tavistock,Conservative
5042,Pam Cox,Pam,Cox,Colchester,Labour
4368,Neil Coyle,Neil,Coyle,Bermondsey and Old Southwark,Labour
5056,Jen Craft,Jen,Craft,Thurrock,Labour
1579,Mary Creagh,Mary,Creagh,Coventry East,Labour
4088,Ms Stella Creasy,Stella,Creasy,Walthamstow,Labour (Co-op)
5246,Torcuil Crichton,Torcuil,Crichton,Na h-Eileanan an Iar,Labour
5311,Harriet Cross,Harriet,Cross,Gordon and Buchan,Conservative
5261,Pat Cullen,Pat,Cullen,Fermanagh and South Tyrone,Sinn Féin
4391,Judith Cummins,Judith,Cummins,Bradford South,Labour
5118,Chris Curtis,Chris,Curtis,Milton Keynes North,Labour
4698,Janet Daby,Janet,Daby,Lewisham East,Labour
4056,Sir Nicholas Dakin,Nicholas,Dakin,Scunthorpe,Labour
4981,Ashley Dalton,Ashley,Dalton,West Lancashire,Labour
5191,Adam Dance,Adam,Dance,Yeovil,Liberal Democrat
5066,Steve Darling,Steve,Darling,Torbay,Liberal Democrat
5139,Emily Darlington,Emily,Darlington,Milton Keynes Central,Labour
188,Ed Davey,Ed,Davey,Kingston and Surbiton,Liberal Democrat
5177,Ann Davies,Ann,Davies,Caerfyrddin,Plaid Cymru
4850,Gareth Davies,Gareth,Davies,Grantham and Bourne,Conservative
5256,Jonathan Davies,Jonathan,Davies,Mid Derbyshire,Labour
4513,Mims Davies,Mims,Davies,East Grinstead and Uckfield,Conservative
5317,Paul Davies,Paul,Davies,Colne Valley,Labour
5041,Shaun Davies,Shaun,Davies,Telford,Labour
4849,Alex Davies-Jones,Alex,Davies-Jones,Pontypridd,Labour
373,David Davis,David,Davis,Goole and Pocklington,Conservative
4676,Marsha De Cordova,Marsha,De Cordova,Battersea,Labour
5083,Bobby Dean,Bobby,Dean,Carshalton and Wallington,Liberal Democrat
5187,Josh Dean,Josh,Dean,Hertford and Stortford,Labour
5224,Kate Dearden,Kate,Dearden,Halifax,Labour (Co-op)
5102,Carla Denyer,Carla,Denyer,Bristol Central,Green Party
5169,Charlie Dewhirst,Charlie,Dewhirst,Bridlington and The Wolds,Conservative
4638,Mr Tanmanjeet Singh Dhesi,Tanmanjeet,Singh Dhesi,Slough,Labour
5223,Jim Dickson,Jim,Dickson,Dartford,Labour
5310,Mr Lee Dillon,Lee,Dillon,Newbury,Liberal Democrat
4008,Dame Caroline Dinenage,Caroline,Dinenage,Gosport,Conservative
5281,Anna Dixon,Anna,Dixon,Shipley,Labour
4976,Samantha Dixon,Samantha,Dixon,Chester North and Neston,Labour
4657,Anneliese Dodds,Anneliese,Dodds,Oxford East,Labour (Co-op)
5192,Helena Dollimore,Helena,Dollimore,Hastings and Rye,Labour (Co-op)
4736,Dave Doogan,Dave,Doogan,Angus and Perthshire Glens,Scottish National Party
4264,Stephen Doughty,Stephen,Doughty,Cardiff South and Penarth,Labour (Co-op)
4397,Peter Dowd,Peter,Dowd,Bootle,Labour
4441,Sir Oliver Dowden,Oliver,Dowden,Hertsmere,Conservative
5275,Graeme Downie,Graeme,Downie,Dunfermline and Dollar,Labour
4616,Rosie Duffield,Rosie,Duffield,Canterbury,Independent
152,Sir Iain Duncan Smith,Iain,Duncan Smith,Chingford and Woodford Green,Conservative
5359,Neil Duncan-Jordan,Neil,Duncan-Jordan,Poole,Independent
4995,Sarah Dyke,Sarah,Dyke,Glastonbury and Somerton,Liberal Democrat
491,Dame Angela Eagle,Angela,Eagle,Wallasey,Labour
483,Maria Eagle,Maria,Eagle,Liverpool Garston,Labour
5262,Alex Easton,Alex,Easton,North Down,Independent
4846,Colum Eastwood,Colum,Eastwood,Foyle,Social Democratic & Labour Party
5125,Sorcha Eastwood,Sorcha,Eastwood,Lagan Valley,Alliance
5293,Cat Eccles,Cat,Eccles,Stourbridge,Labour
5298,Lauren Edwards,Lauren,Edwards,Rochester and Strood,Labour
5001,Sarah Edwards,Sarah,Edwards,Tamworth,Labour
165,Clive Efford,Clive,Efford,Eltham and Chislehurst,Labour
5010,Damien Egan,Damien,Egan,Bristol North East,Labour
5228,Maya Ellis,Maya,Ellis,Ribble Valley,Labour
4572,Chris Elmore,Chris,Elmore,Bridgend,Labour
5095,Kirith Entwistle,Kirith,Entwistle,Bolton North East,Labour
4870,Florence Eshalomi,Florence,Eshalomi,Vauxhall and Camberwell Green,Labour (Co-op)
4061,Bill Esterson,Bill,Esterson,Sefton Central,Labour
4040,Chris Evans,Chris,Evans,Caerphilly,Labour (Co-op)
4781,Dr Luke Evans,Luke,Evans,Hinckley and Bosworth,Conservative
5099,Miatta Fahnbulleh,Miatta,Fahnbulleh,Peckham,Labour (Co-op)
5148,Mr Hamish Falconer,Hamish,Falconer,Lincoln,Labour
5091,Nigel Farage,Nigel,Farage,Clacton,Reform UK
5107,Linsey Farnsworth,Linsey,Farnsworth,Amber Valley,Labour
1591,Tim Farron,Tim,Farron,Westmorland and Lonsdale,Liberal Democrat
5295,Josh Fenton-Glynn,Josh,Fenton-Glynn,Calder Valley,Labour
5031,Mark Ferguson,Mark,Ferguson,Gateshead Central and Whickham,Labour
5190,Patricia Ferguson,Patricia,Ferguson,Glasgow West,Labour
4823,John Finucane,John,Finucane,Belfast North,Sinn Féin
5053,Natalie Fleet,Natalie,Fleet,Bolsover,Labour
4735,Stephen Flynn,Stephen,Flynn,Aberdeen South,Scottish National Party
5029,Emma Foody,Emma,Foody,Cramlington and Killingworth,Labour (Co-op)
5291,Catherine Fookes,Catherine,Fookes,Monmouthshire,Labour
4942,Richard Foord,Richard,Foord,Honiton and Sidmouth,Liberal Democrat
5322,Mr Will Forster,Will,Forster,Woking,Liberal Democrat
5209,Peter Fortune,Peter,Fortune,Bromley and Biggin Hill,Conservative
5074,Mr Paul Foster,Paul,Foster,South Ribble,Labour
5101,Sir Ashley Fox,Ashley,Fox,Bridgwater,Conservative
4491,Vicky Foxcroft,Vicky,Foxcroft,Lewisham North,Labour
4753,Mary Kelly Foy,Mary,Kelly Foy,City of Durham,Labour
5184,Daniel Francis,Daniel,Francis,Bexleyheath and Crayford,Labour
1444,Mr Mark Francois,Mark,Francois,Rayleigh and Wickford,Conservative
5313,Zöe Franklin,Zöe,Franklin,Guildford,Liberal Democrat
4020,George Freeman,George,Freeman,Mid Norfolk,Conservative
4932,Mr Louie French,Louie,French,Old Bexley and Sidcup,Conservative
4637,Mr James Frith,James,Frith,Bury North,Labour
3912,Richard Fuller,Richard,Fuller,North Bedfordshire,Conservative
4571,Gill Furniss,Gill,Furniss,Sheffield Brightside and Hillsborough,Labour
87,Sir Roger Gale,Roger,Gale,Herne Bay and Sandwich,Conservative
146,Barry Gardiner,Barry,Gardiner,Brent West,Labour
5334,Dr Allison Gardner,Allison,Gardner,Stoke-on-Trent South,Labour
4074,Mark Garnier,Mark,Garnier,Wyre Forest,Conservative
5353,Anna Gelderd,Anna,Gelderd,South East Cornwall,Labour
5185,Alan Gemmell,Alan,Gemmell,Central Ayrshire,Labour
227,Andrew George,Andrew,George,St Ives,Liberal Democrat
5104,Gill German,Gill,German,Clwyd North,Labour
4434,Stephen Gethins,Stephen,Gethins,Arbroath and Broughty Ferry,Scottish National Party
4460,Ms Nusrat Ghani,Nusrat,Ghani,Sussex Weald,Conservative
5239,Sarah Gibson,Sarah,Gibson,Chippenham,Liberal Democrat
5188,Tracy Gilbert,Tracy,Gilbert,Edinburgh North and Leith,Labour
4603,Preet Kaur Gill,Preet,Kaur Gill,Birmingham Edgbaston,Labour (Co-op)
5252,Rachel Gilmour,Rachel,Gilmour,Tiverton and Minehead,Liberal Democrat
5181,Becky Gittins,Becky,Gittins,Clwyd East,Labour
4051,John Glen,John,Glen,Salisbury,Conservative
4126,Mary Glindon,Mary,Glindon,Newcastle upon Tyne East and Wallsend,Labour
5318,Olly Glover,Olly,Glover,Didcot and Wantage,Liberal Democrat
5073,Marie Goldman,Marie,Goldman,Chelmsford,Liberal Democrat
5205,Ben Goldsborough,Ben,Goldsborough,South Norfolk,Labour
5032,Tom Gordon,Tom,Gordon,Harrogate and Knaresborough,Liberal Democrat
5036,Jodie Gosling,Jodie,Gosling,Nuneaton,Labour
5305,Georgia Gould,Georgia,Gould,Queen's Park and Maida Vale,Labour
5170,John Grady,John,Grady,Glasgow East,Labour
4018,Helen Grant,Helen,Grant,Maidstone and Malling,Conservative
4918,Sarah Green,Sarah,Green,Chesham and Amersham,Liberal Democrat
4029,Lilian Greenwood,Lilian,Greenwood,Nottingham South,Labour
4874,Andrew Griffith,Andrew,Griffith,Arundel and South Downs,Conservative
1541,Dame Nia Griffith,Nia,Griffith,Llanelli,Labour
5203,Alison Griffiths,Alison,Griffiths,Bognor Regis and Littlehampton,Conservative
1506,Andrew Gwynne,Andrew,Gwynne,Gorton and Denton,Independent
5149,Amanda Hack,Amanda,Hack,North West Leicestershire,Labour
4473,Louise Haigh,Louise,Haigh,Sheffield Heeley,Labour
5154,Sarah Hall,Sarah,Hall,Warrington South,Labour (Co-op)
415,Fabian Hamilton,Fabian,Hamilton,Leeds North East,Labour
4938,Paulette Hamilton,Paulette,Hamilton,Birmingham Erdington,Labour
4827,Claire Hanna,Claire,Hanna,Belfast South and Mid Down,Social Democratic & Labour Party
5299,Monica Harding,Monica,Harding,Esher and Walton,Liberal Democrat
4645,Emma Hardy,Emma,Hardy,Kingston upon Hull West and Haltemprice,Labour
4480,Carolyn Harris,Carolyn,Harris,Neath and Swansea East,Labour
3948,Rebecca Harris,Rebecca,Harris,Castle Point,Conservative
5217,Lloyd Hatton,Lloyd,Hatton,South Dorset,Labour
4510,Helen Hayes,Helen,Hayes,Dulwich and West Norwood,Labour
350,Sir John Hayes,John,Hayes,South Holland and The Deepings,Conservative
5210,Tom Hayes,Tom,Hayes,Bournemouth East,Labour
5306,Claire Hazelgrove,Claire,Hazelgrove,Filton and Bradley Stoke,Labour
4636,Chris Hazzard,Chris,Hazzard,South Down,Sinn Féin
400,John Healey,John,Healey,Rawmarsh and Conisbrough,Labour
473,Sir Mark Hendrick,Mark,Hendrick,Preston,Labour (Co-op)
5078,Pippa Heylings,Pippa,Heylings,South Cambridgeshire,Liberal Democrat
1524,Dame Meg Hillier,Meg,Hillier,Hackney South and Shoreditch,Labour (Co-op)
5244,Chris Hinchliff,Chris,Hinchliff,North East Hertfordshire,Independent
5264,Jonathan Hinder,Jonathan,Hinder,Pendle and Clitheroe,Labour
3969,Damian Hinds,Damian,Hinds,East Hampshire,Conservative
4494,Simon Hoare,Simon,Hoare,North Dorset,Conservative
4602,Wera Hobhouse,Wera,Hobhouse,Bath,Liberal Democrat
1521,Mrs Sharon Hodgson,Sharon,Hodgson,Washington and Gateshead South,Labour
4813,Mr Richard Holden,Richard,Holden,Basildon and Billericay,Conservative
4474,Kevin Hollinrake,Kevin,Hollinrake,Thirsk and Malton,Conservative
4803,Paul Holmes,Paul,Holmes,Hamble Valley,Conservative
4873,Rachel Hopkins,Rachel,Hopkins,Luton South and South Bedfordshire,Labour
467,Sir Lindsay Hoyle,Lindsay,Hoyle,Chorley,Speaker
4407,Nigel Huddleston,Nigel,Huddleston,Droitwich and Evesham,Conservative
4853,Dr Neil Hudson,Neil,Hudson,Epping Forest,Conservative
5113,Claire Hughes,Claire,Hughes,Bangor Aberconwy,Labour
5292,Dáire Hughes,Dáire,Hughes,Newry and Armagh,Sinn Féin
5254,Alison Hume,Alison,Hume,Scarborough and Whitby,Labour
1572,Sir Jeremy Hunt,Jeremy,Hunt,Godalming and Ash,Conservative
4511,Dr Rupa Huq,Rupa,Huq,Ealing Central and Acton,Labour
5052,Patrick Hurley,Patrick,Hurley,Southport,Labour
5231,Mr Adnan Hussain,Adnan,Hussain,Blackburn,Independent
4394,Imran Hussain,Imran,Hussain,Bradford East,Labour
5290,Leigh Ingham,Leigh,Ingham,Stafford,Labour
5119,Natasha Irons,Natasha,Irons,Croydon East,Labour
5178,Sally Jameson,Sally,Jameson,Doncaster Central,Labour (Co-op)
4634,Christine Jardine,Christine,Jardine,Edinburgh West,Liberal Democrat
4243,Dan Jarvis,Dan,Jarvis,Barnsley North,Labour
5040,Liz Jarvis,Liz,Jarvis,Eastleigh,Liberal Democrat
40,Sir Bernard Jenkin,Bernard,Jenkin,Harwich and North Essex,Conservative
4320,Robert Jenrick,Robert,Jenrick,Newark,Conservative
5338,Terry Jermy,Terry,Jermy,South West Norfolk,Labour
5168,Adam Jogee,Adam,Jogee,Newcastle-under-Lyme,Labour
4592,Dr Caroline Johnson,Caroline,Johnson,Sleaford and North Hykeham,Conservative
1533,Dame Diana Johnson,Diana,Johnson,Kingston upon Hull North and Cottingham,Labour
4824,Kim Johnson,Kim,Johnson,Liverpool Riverside,Labour
5207,Clive Jones,Clive,Jones,Wokingham,Liberal Democrat
4621,Darren Jones,Darren,Jones,Bristol North West,Labour
4501,Gerald Jones,Gerald,Jones,Merthyr Tydfil and Aberdare,Labour
5043,Lillian Jones,Lillian,Jones,Kilmarnock and Loudoun,Labour
5258,Louise Jones,Louise,Jones,North East Derbyshire,Labour
4716,Ruth Jones,Ruth,Jones,Newport West and Islwyn,Labour
4631,Sarah Jones,Sarah,Jones,Croydon West,Labour
5332,Lincoln Jopp,Lincoln,Jopp,Spelthorne,Conservative
5059,Gurinder Singh Josan,Gurinder,Singh Josan,Smethwick,Labour
5247,Sojan Joseph,Sojan,Joseph,Ashford,Labour
5230,Warinder Juss,Warinder,Juss,Wolverhampton West,Labour
5155,Chris Kane,Chris,Kane,Stirling and Strathallan,Labour
4316,Mike Kane,Mike,Kane,Wythenshawe and Sale East,Labour
5271,Satvir Kaur,Satvir,Kaur,Southampton Test,Labour
4805,Alicia Kearns,Alicia,Kearns,Rutland and Stamford,Conservative
4026,Liz Kendall,Liz,Kendall,Leicester West,Labour
4671,Afzal Khan,Afzal,Khan,Manchester Rusholme,Labour
5357,Ayoub Khan,Ayoub,Khan,Birmingham Perry Barr,Independent
5215,Naushabah Khan,Naushabah,Khan,Gillingham and Rainham,Labour
4359,Stephen Kinnock,Stephen,Kinnock,Aberafan Maesteg,Labour
5279,Jayne Kirkham,Jayne,Kirkham,Truro and Falmouth,Labour (Co-op)
5011,Gen Kitchen,Gen,Kitchen,Wellingborough and Rushden,Labour
5321,Mr Paul Kohler,Paul,Kohler,Wimbledon,Liberal Democrat
4858,Danny Kruger,Danny,Kruger,East Wiltshire,Conservative
5274,Sonia Kumar,Sonia,Kumar,Dudley,Labour
5278,Uma Kumaran,Uma,Kumaran,Stratford and Bow,Labour
4505,Peter Kyle,Peter,Kyle,Hove and Portslade,Labour
5341,Laura Kyrke-Smith,Laura,Kyrke-Smith,Aylesbury,Labour
4630,Ben Lake,Ben,Lake,Ceredigion Preseli,Plaid Cymru
5285,Katie Lam,Katie,Lam,Weald of Kent,Conservative
5345,Peter Lamb,Peter,Lamb,Crawley,Labour
206,Mr David Lammy,David,Lammy,Tottenham,Labour
4608,John Lamont,John,Lamont,"Berwickshire, Roxburgh and Selkirk",Conservative
4139,Ian Lavery,Ian,Lavery,Blyth and Ashington,Labour
4403,Chris Law,Chris,Law,Dundee Central,Scottish National Party
5302,Noah Law,Noah,Law,St Austell and Newquay,Labour
4923,Kim Leadbeater,Kim,Leadbeater,Spen Valley,Labour
5277,Graham Leadbitter,Graham,Leadbitter,"Moray West, Nairn and Strathspey",Scottish National Party
345,Sir Edward Leigh,Edward,Leigh,Gainsborough,Conservative
5196,Brian Leishman,Brian,Leishman,Alloa and Grangemouth,Independent
4277,Emma Lewell,Emma,Lewell,South Shields,Labour
5061,Andrew Lewin,Andrew,Lewin,Welwyn Hatfield,Labour
4500,Clive Lewis,Clive,Lewis,Norwich South,Labour
54,Sir Julian Lewis,Julian,Lewis,New Forest East,Conservative
4943,Simon Lightwood,Simon,Lightwood,Wakefield and Rothwell,Labour (Co-op)
4857,Carla Lockhart,Carla,Lockhart,Upper Bann,Democratic Unionist Party
5280,Seamus Logan,Seamus,Logan,Aberdeenshire North and Moray East,Scottish National Party
4396,Rebecca Long Bailey,Rebecca,Long Bailey,Salford,Labour
4647,Julia Lopez,Julia,Lopez,Hornchurch and Upminster,Conservative
5158,Rupert Lowe,Rupert,Lowe,Great Yarmouth,Independent
5033,Josh MacAlister,Josh,MacAlister,Whitehaven and Workington,Labour
5265,James MacCleary,James,MacCleary,Lewes,Liberal Democrat
5133,Alice Macdonald,Alice,Macdonald,Norwich North,Labour (Co-op)
5362,Mr Angus MacDonald,Angus,MacDonald,"Inverness, Skye and West Ross-shire",Liberal Democrat
5134,Andy MacNae,Andy,MacNae,Rossendale and Darwen,Labour
4418,Justin Madders,Justin,Madders,Ellesmere Port and Bromborough,Labour
5350,Ben Maguire,Ben,Maguire,North Cornwall,Liberal Democrat
5336,Helen Maguire,Helen,Maguire,Epsom and Ewell,Liberal Democrat
3914,Shabana Mahmood,Shabana,Mahmood,Birmingham Ladywood,Labour
4484,Alan Mak,Alan,Mak,Havant,Conservative
4253,Seema Malhotra,Seema,Malhotra,Feltham and Heston,Labour (Co-op)
5153,Mr Cathal Mallaghan,Cathal,Mallaghan,Mid Ulster,Sinn Féin
4495,Kit Malthouse,Kit,Malthouse,North West Hampshire,Conservative
5294,Amanda Martin,Amanda,Martin,Portsmouth North,Labour
5219,Mike Martin,Mike,Martin,Tunbridge Wells,Liberal Democrat
4471,Rachael Maskell,Rachael,Maskell,York Central,Independent
4245,Paul Maskey,Paul,Maskey,Belfast West,Sinn Féin
4993,Keir Mather,Keir,Mather,Selby,Labour
5214,Brian Mathew,Brian,Mathew,Melksham and Devizes,Liberal Democrat
5141,Alex Mayer,Alex,Mayer,Dunstable and Leighton Buzzard,Labour
4739,Jerome Mayhew,Jerome,Mayhew,Broadland and Fakenham,Conservative
5325,Charlie Maynard,Charlie,Maynard,Witney,Liberal Democrat
5057,Douglas McAllister,Douglas,McAllister,West Dunbartonshire,Labour
1491,Kerry McCarthy,Kerry,McCarthy,Bristol East,Labour
5129,Martin McCluskey,Martin,McCluskey,Inverclyde and Renfrewshire West,Labour
193,Dame Siobhain McDonagh,Siobhain,McDonagh,Mitcham and Morden,Labour
4269,Andy McDonald,Andy,McDonald,Middlesbrough and Thornaby East,Labour
5116,Chris McDonald,Chris,McDonald,Stockton North,Labour
178,John McDonnell,John,McDonnell,Hayes and Harlington,Independent
5076,Blair McDougall,Blair,McDougall,East Renfrewshire,Labour
5037,Lola McEvoy,Lola,McEvoy,Darlington,Labour
1587,Pat McFadden,Pat,McFadden,Wolverhampton South East,Labour
4083,Alison McGovern,Alison,McGovern,Birkenhead,Labour
5349,Alex McIntyre,Alex,McIntyre,Gloucester,Labour
5189,Gordon McKee,Gordon,McKee,Glasgow South,Labour
5300,Kevin McKenna,Kevin,McKenna,Sittingbourne and Sheppey,Labour
4125,Catherine McKinnell,Catherine,McKinnell,Newcastle upon Tyne North,Labour
4569,Jim McMahon,Jim,McMahon,"Oldham West, Chadderton and Royton",Labour (Co-op)
4632,Anna McMorrin,Anna,McMorrin,Cardiff North,Labour
5361,James McMurdock,James,McMurdock,South Basildon and East Thurrock,Independent
5183,Frank McNally,Frank,McNally,Coatbridge and Bellshill,Labour
5114,Kirsty McNeill,Kirsty,McNeill,Midlothian,Labour (Co-op)
4084,Esther McVey,Esther,McVey,Tatton,Conservative
5085,Llinos Medi,Llinos,Medi,Ynys Môn,Plaid Cymru
5038,Anneliese Midgley,Anneliese,Midgley,Knowsley,Labour
1510,Ed Miliband,Ed,Miliband,Doncaster North,Labour
5346,Calum Miller,Calum,Miller,Bicester and Woodstock,Liberal Democrat
5329,John Milne,John,Milne,Horsham,Liberal Democrat
5094,Ms Julie Minns,Julie,Minns,Carlisle,Labour
4811,Navendu Mishra,Navendu,Mishra,Stockport,Labour
1211,Sir Andrew Mitchell,Andrew,Mitchell,Sutton Coldfield,Conservative
5142,Abtisam Mohamed,Abtisam,Mohamed,Sheffield Central,Labour
5268,Iqbal Mohamed,Iqbal,Mohamed,Dewsbury and Batley,Independent
4804,Mr Gagan Mohindra,Gagan,Mohindra,South West Hertfordshire,Conservative
5208,Perran Moon,Perran,Moon,Camborne and Redruth,Labour
4861,Robbie Moore,Robbie,Moore,Keighley and Ilkley,Conservative
4656,Layla Moran,Layla,Moran,Oxford West and Abingdon,Liberal Democrat
1548,Jessica Morden,Jessica,Morden,Newport East,Labour
5326,Edward Morello,Edward,Morello,West Dorset,Liberal Democrat
4934,Helen Morgan,Helen,Morgan,North Shropshire,Liberal Democrat
4653,Stephen Morgan,Stephen,Morgan,Portsmouth South,Labour
3973,Grahame Morris,Grahame,Morris,Easington,Labour
5081,Joe Morris,Joe,Morris,Hexham,Labour
5090,Tom Morrison,Tom,Morrison,Cheadle,Liberal Democrat
4759,Joy Morrissey,Joy,Morrissey,Beaconsfield,Conservative
4358,Wendy Morton,Wendy,Morton,Aldridge-Brownhills,Conservative
4860,Dr Kieran Mullan,Kieran,Mullan,Bexhill and Battle,Conservative
5272,Margaret Mullane,Margaret,Mullane,Dagenham and Rainham,Labour
1512,David Mundell,David,Mundell,"Dumfriesshire, Clydesdale and Tweeddale",Conservative
4089,Tessa Munt,Tessa,Munt,Wells and Mendip Hills,Liberal Democrat
5248,Luke Murphy,Luke,Murphy,Basingstoke,Labour
5245,Chris Murray,Chris,Murray,Edinburgh East and Musselburgh,Labour
3966,Ian Murray,Ian,Murray,Edinburgh South,Labour
4797,James Murray,James,Murray,Ealing North,Labour (Co-op)
5309,Katrina Murray,Katrina,Murray,Cumbernauld and Kirkintilloch,Labour
5157,Susan Murray,Susan,Murray,Mid Dunbartonshire,Liberal Democrat
1466,Dr Andrew Murrison,Andrew,Murrison,South West Wiltshire,Conservative
5147,Luke Myer,Luke,Myer,Middlesbrough South and East Cleveland,Labour
5047,James Naish,James,Naish,Rushcliffe,Labour
5273,Connor Naismith,Connor,Naismith,Crewe and Nantwich,Labour
4082,Lisa Nandy,Lisa,Nandy,Wigan,Labour
5039,Kanishka Narayan,Kanishka,Narayan,Vale of Glamorgan,Labour
3909,Pamela Nash,Pamela,Nash,"Motherwell, Wishaw and Carluke",Labour
5034,Josh Newbury,Josh,Newbury,Cannock Chase,Labour
5150,Samantha Niblett,Samantha,Niblett,South Derbyshire,Labour
4799,Charlotte Nichols,Charlotte,Nichols,Warrington North,Labour
4048,Caroline Nokes,Caroline,Nokes,Romsey and Southampton North,Conservative
3991,Jesse Norman,Jesse,Norman,Hereford and South Herefordshire,Conservative
4641,Alex Norris,Alex,Norris,Nottingham North and Kimberley,Labour (Co-op)
221,Dan Norris,Dan,Norris,North East Somerset and Hanham,Independent
5089,Ben Obese-Jecty,Ben,Obese-Jecty,Huntingdon,Conservative
4679,Neil O'Brien,Neil,O'Brien,"Harborough, Oadby and Wigston",Conservative
4371,Brendan O'Hara,Brendan,O'Hara,"Argyll, Bute and South Lochaber",Scottish National Party
4591,Sarah Olney,Sarah,Olney,Richmond Park,Liberal Democrat
4464,Melanie Onn,Melanie,Onn,Great Grimsby and Cleethorpes,Labour
4124,Dame Chi Onwurah,Chi,Onwurah,Newcastle upon Tyne Central and West,Labour
5030,Dr Simon Opher,Simon,Opher,Stroud,Labour
4820,Ms Abena Oppong-Asare,Abena,Oppong-Asare,Erith and Thamesmead,Labour
4515,Kate Osamor,Kate,Osamor,Edmonton and Winchmore Hill,Labour (Co-op)
4783,Kate Osborne,Kate,Osborne,Jarrow and Gateshead East,Labour
5220,Tristan Osborne,Tristan,Osborne,Chatham and Aylesford,Labour
4779,Taiwo Owatemi,Taiwo,Owatemi,Coventry North West,Labour
4777,Sarah Owen,Sarah,Owen,Luton North,Labour
5270,Darren Paffey,Darren,Paffey,Southampton Itchen,Labour
5243,Andrew Pakes,Andrew,Pakes,Peterborough,Labour (Co-op)
4066,Priti Patel,Priti,Patel,Witham,Conservative
5162,Matthew Patrick,Matthew,Patrick,Wirral West,Labour
5297,Rebecca Paul,Rebecca,Paul,Reigate,Conservative
5146,Michael Payne,Michael,Payne,Gedling,Labour
4607,Stephanie Peacock,Stephanie,Peacock,Barnsley South,Labour
5115,Jon Pearce,Jon,Pearce,High Peak,Labour
4520,Matthew Pennycook,Matthew,Pennycook,Greenwich and Woolwich,Labour
3952,Mr Toby Perkins,Toby,Perkins,Chesterfield,Labour
5122,Manuela Perteghella,Manuela,Perteghella,Stratford-on-Avon,Liberal Democrat
4370,Jess Phillips,Jess,Phillips,Birmingham Yardley,Labour
4046,Bridget Phillipson,Bridget,Phillipson,Houghton and Sunderland South,Labour
4503,Chris Philp,Chris,Philp,Croydon South,Conservative
5288,Dr Al Pinkerton,Al,Pinkerton,Surrey Heath,Liberal Democrat
5360,David Pinto-Duschinsky,David,Pinto-Duschinsky,Hendon,Labour
5233,Lee Pitcher,Lee,Pitcher,Doncaster East and the Isle of Axholme,Labour
4673,Jo Platt,Jo,Platt,Leigh and Atherton,Labour (Co-op)
5403,Sarah Pochin,Sarah,Pochin,Runcorn and Helsby,Reform UK
4682,Luke Pollard,Luke,Pollard,Plymouth Sutton and Devonport,Labour (Co-op)
5229,Joe Powell,Joe,Powell,Kensington and Bayswater,Labour
4263,Lucy Powell,Lucy,Powell,Manchester Central,Labour (Co-op)
5167,Gregor Poynton,Gregor,Poynton,Livingston,Labour
5163,Peter Prinsley,Peter,Prinsley,Bury St Edmunds and Stowmarket,Labour
1576,Mark Pritchard,Mark,Pritchard,The Wrekin,Conservative
5144,Mr Richard Quigley,Richard,Quigley,Isle of Wight West,Labour
3924,Yasmin Qureshi,Yasmin,Qureshi,Bolton South and Walkden,Labour
5064,Steve Race,Steve,Race,Exeter,Labour
5068,Shivani Raja,Shivani,Raja,Leicester East,Conservative
5320,Adrian Ramsay,Adrian,Ramsay,Waveney Valley,Green Party
5159,Mr Connor Rand,Connor,Rand,Altrincham and Sale West,Labour
5046,Andrew Ranger,Andrew,Ranger,Wrexham,Labour
5340,Jack Rankin,Jack,Rankin,Windsor,Conservative
4356,Angela Rayner,Angela,Rayner,Ashton-under-Lyne,Labour
5316,Mike Reader,Mike,Reader,Northampton South,Labour
5347,David Reed,David,Reed,Exmouth and Exeter East,Conservative
4268,Steve Reed,Steve,Reed,Streatham and Croydon North,Labour (Co-op)
4620,Ellie Reeves,Ellie,Reeves,Lewisham West and East Dulwich,Labour
4031,Rachel Reeves,Rachel,Reeves,Leeds West and Pudsey,Labour
5079,Joani Reid,Joani,Reid,East Kilbride and Strathaven,Labour
4077,Emma Reynolds,Emma,Reynolds,Wycombe,Labour
4119,Jonathan Reynolds,Jonathan,Reynolds,Stalybridge and Hyde,Labour (Co-op)
5343,Mr Joshua Reynolds,Joshua,Reynolds,Maidenhead,Liberal Democrat
5251,Martin Rhodes,Martin,Rhodes,Glasgow North,Labour
4764,Bell Ribeiro-Addy,Bell,Ribeiro-Addy,Clapham and Brixton Hill,Labour
5082,Jake Richards,Jake,Richards,Rother Valley,Labour
5160,Jenny Riddell-Carpenter,Jenny,Riddell-Carpenter,Suffolk Coastal,Labour
5333,Lucy Rigby,Lucy,Rigby,Northampton North,Labour
4457,Ms Marie Rimmer,Marie,Rimmer,St Helens South and Whiston,Labour
5126,Dave Robertson,Dave,Robertson,Lichfield,Labour
5255,Joe Robertson,Joe,Robertson,Isle of Wight East,Conservative
4360,Gavin Robinson,Gavin,Robinson,Belfast East,Democratic Unionist Party
5287,Tim Roca,Tim,Roca,Macclesfield,Labour
4654,Matt Rodda,Matt,Rodda,Reading Central,Labour
5138,Ian Roome,Ian,Roome,North Devon,Liberal Democrat
1447,Andrew Rosindell,Andrew,Rosindell,Romford,Conservative
5108,Sam Rushworth,Sam,Rushworth,Bishop Auckland,Labour
5324,Sarah Russell,Sarah,Russell,Congleton,Labour
5222,Tom Rutland,Tom,Rutland,East Worthing and Shoreham,Labour
5135,Oliver Ryan,Oliver,Ryan,Burnley,Independent
5286,Anna Sabine,Anna,Sabine,Frome and East Somerset,Liberal Democrat
5204,Sarah Sackman,Sarah,Sackman,Finchley and Golders Green,Labour
5259,Dr Jeevun Sandher,Jeevun,Sandher,Loughborough,Labour
5352,Dr Roz Savage,Roz,Savage,South Cotswolds,Liberal Democrat
4521,Liz Saville Roberts,Liz,Saville Roberts,Dwyfor Meirionnydd,Plaid Cymru
5049,Michelle Scrogham,Michelle,Scrogham,Barrow and Furness,Labour
5166,Mark Sewards,Mark,Sewards,Leeds South West and Morley,Labour
4409,Naz Shah,Naz,Shah,Bradford West,Labour
5176,Baggy Shanker,Baggy,Shanker,Derby South,Labour (Co-op)
4998,Michael Shanks,Michael,Shanks,Rutherglen,Labour
4131,Jim Shannon,Jim,Shannon,Strangford,Democratic Unionist Party
5197,Dr Neil Shastri-Hurst,Neil,Shastri-Hurst,Solihull West and Shirley,Conservative
3997,Sir Alec Shelbrooke,Alec,Shelbrooke,Wetherby and Easingwold,Conservative
4518,Tulip Siddiq,Tulip,Siddiq,Hampstead and Highgate,Labour
4872,David Simmonds,David,Simmonds,"Ruislip, Northwood and Pinner",Conservative
5060,Josh Simons,Josh,Simons,Makerfield,Labour
5327,Vikki Slade,Vikki,Slade,Mid Dorset and North Poole,Liberal Democrat
1516,Andy Slaughter,Andy,Slaughter,Hammersmith and Chiswick,Labour
5127,John Slinger,John,Slinger,Rugby,Labour
5070,Lisa Smart,Lisa,Smart,Hazel Grove,Liberal Democrat
4436,Cat Smith,Cat,Smith,Lancaster and Wyre,Labour
5218,David Smith,David,Smith,North Northumberland,Labour
4778,Greg Smith,Greg,Smith,Mid Buckinghamshire,Conservative
4456,Jeff Smith,Jeff,Smith,Manchester Withington,Labour
4118,Sir Julian Smith,Julian,Smith,Skipton and Ripon,Conservative
3928,Nick Smith,Nick,Smith,Blaenau Gwent and Rhymney,Labour
5301,Rebecca Smith,Rebecca,Smith,South West Devon,Conservative
5117,Sarah Smith,Sarah,Smith,Hyndburn,Labour
4444,Karin Smyth,Karin,Smyth,Bristol South,Labour
4595,Gareth Snell,Gareth,Snell,Stoke-on-Trent Central,Labour (Co-op)
5072,Mr Andrew Snowden,Andrew,Snowden,Fylde,Conservative
4658,Alex Sobel,Alex,Sobel,Leeds Central and Headingley,Labour (Co-op)
5096,Ian Sollom,Ian,Sollom,St Neots and Mid Cambridgeshire,Liberal Democrat
4785,Dr Ben Spencer,Ben,Spencer,Runnymede and Weybridge,Conservative
5303,Patrick Spencer,Patrick,Spencer,Central Suffolk and North Ipswich,Independent
5351,Gregory Stafford,Gregory,Stafford,Farnham and Bordon,Conservative
5110,Euan Stainbank,Euan,Stainbank,Falkirk,Labour
4514,Sir Keir Starmer,Keir,Starmer,Holborn and St Pancras,Labour
5100,Blake Stephenson,Blake,Stephenson,Mid Bedfordshire,Conservative
4425,Jo Stevens,Jo,Stevens,Cardiff East,Labour
5200,Kenneth Stevenson,Kenneth,Stevenson,Airdrie and Shotts,Labour
5206,Elaine Stewart,Elaine,Stewart,"Ayr, Carrick and Cumnock",Labour
4612,Jamie Stone,Jamie,Stone,"Caithness, Sutherland and Easter Ross",Liberal Democrat
5035,Will Stone,Will,Stone,Swindon North,Labour
5000,Alistair Strathern,Alistair,Strathern,Hitchin,Labour
4504,Wes Streeting,Wes,Streeting,Ilford North,Labour
5080,Alan Strickland,Alan,Strickland,Newton Aycliffe and Spennymoor,Labour
3935,Sir Mel Stride,Mel,Stride,Central Devon,Conservative
449,Graham Stringer,Graham,Stringer,Blackley and Middleton South,Labour
1482,Graham Stuart,Graham,Stuart,Beverley and Holderness,Conservative
5179,Kirsteen Sullivan,Kirsteen,Sullivan,Bathgate and Linlithgow,Labour (Co-op)
5269,Dr Lauren Sullivan,Lauren,Sullivan,Gravesham,Labour
4786,Zarah Sultana,Zarah,Sultana,Coventry South,Independent
4483,Rishi Sunak,Rishi,Sunak,Richmond and Northallerton,Conservative
5165,Peter Swallow,Peter,Swallow,Bracknell,Labour
5319,Robin Swann,Robin,Swann,South Antrim,Ulster Unionist Party
55,Sir Desmond Swayne,Desmond,Swayne,New Forest West,Conservative
1383,Sir Mark Tami,Mark,Tami,Alyn and Deeside,Labour
5266,Mike Tapp,Mike,Tapp,Dover and Deal,Labour
5093,Alison Taylor,Alison,Taylor,Paisley and Renfrewshire North,Labour
5348,David Taylor,David,Taylor,Hemel Hempstead,Labour
5103,Luke Taylor,Luke,Taylor,Sutton and Cheam,Liberal Democrat
5065,Rachel Taylor,Rachel,Taylor,North Warwickshire and Bedworth,Labour
5186,Bradley Thomas,Bradley,Thomas,Bromsgrove,Conservative
5354,Cameron Thomas,Cameron,Thomas,Tewkesbury,Liberal Democrat
5174,Fred Thomas,Fred,Thomas,Plymouth Moor View,Labour
177,Gareth Thomas,Gareth,Thomas,Harrow West,Labour (Co-op)
4479,Nick Thomas-Symonds,Nick,Thomas-Symonds,Torfaen,Labour
5044,Adam Thompson,Adam,Thompson,Erewash,Labour
1536,Emily Thornberry,Emily,Thornberry,Islington South and Finsbury,Labour
5161,Richard Tice,Richard,Tice,Boston and Skegness,Reform UK
5098,Dr Marie Tidball,Marie,Tidball,Penistone and Stocksbridge,Labour
163,Sir Stephen Timms,Stephen,Timms,East Ham,Labour
5062,Nick Timothy,Nick,Timothy,West Suffolk,Conservative
5202,Jessica Toale,Jessica,Toale,Bournemouth West,Labour
5282,Dan Tomlinson,Dan,Tomlinson,Chipping Barnet,Labour
410,Jon Trickett,Jon,Trickett,Normanton and Hemsworth,Labour
4780,Laura Trott,Laura,Trott,Sevenoaks,Conservative
5121,Henry Tufnell,Henry,Tufnell,Mid and South Pembrokeshire,Labour
4462,Tom Tugendhat,Tom,Tugendhat,Tonbridge,Conservative
4449,Anna Turley,Anna,Turley,Redcar,Labour (Co-op)
5130,Matt Turmaine,Matt,Turmaine,Watford,Labour
4030,Karl Turner,Karl,Turner,Kingston upon Hull East,Labour
5234,Laurence Turner,Laurence,Turner,Birmingham Northfield,Labour
429,Derek Twigg,Derek,Twigg,Widnes and Halewood,Labour
4618,Liz Twist,Liz,Twist,Blaydon and Consett,Labour
5289,Harpreet Uppal,Harpreet,Uppal,Huddersfield,Labour
5296,Freddie van Mierlo,Freddie,van Mierlo,Henley and Thame,Liberal Democrat
5067,Tony Vaughan,Tony,Vaughan,Folkestone and Hythe,Labour
4076,Valerie Vaz,Valerie,Vaz,Walsall and Bloxwich,Labour
3957,Martin Vickers,Martin,Vickers,Brigg and Immingham,Conservative
4844,Matt Vickers,Matt,Vickers,Stockton West,Conservative
5237,Chris Vince,Chris,Vince,Harlow,Labour (Co-op)
5216,Caroline Voaden,Caroline,Voaden,South Devon,Liberal Democrat
4871,Christian Wakeford,Christian,Wakeford,Bury South,Labour
5136,Imogen Walker,Imogen,Walker,Hamilton and Clyde Valley,Labour
5276,Chris Ward,Chris,Ward,Brighton Kemptown and Peacehaven,Labour
5240,Melanie Ward,Melanie,Ward,Cowdenbeath and Kirkcaldy,Labour
5071,Paul Waugh,Paul,Waugh,Rochdale,Labour (Co-op)
5025,Chris Webb,Chris,Webb,Blackpool South,Labour
5226,Michelle Welsh,Michelle,Welsh,Sherwood Forest,Labour
4523,Catherine West,Catherine,West,Hornsey and Friern Barnet,Labour
4979,Andrew Western,Andrew,Western,Stretford and Urmston,Labour
4617,Matt Western,Matt,Western,Warwick and Leamington,Labour
4527,Helen Whately,Helen,Whately,Faversham and Mid Kent,Conservative
5242,Michael Wheeler,Michael,Wheeler,Worsley and Eccles,Labour
5342,John Whitby,John,Whitby,Derbyshire Dales,Labour
5105,Jo White,Jo,White,Bassetlaw,Labour
5260,Katie White,Katie,White,Leeds North West,Labour
39,Sir John Whittingdale,John,Whittingdale,Maldon,Conservative
4869,Nadia Whittome,Nadia,Whittome,Nottingham East,Labour
4787,James Wild,James,Wild,North West Norfolk,Conservative
5055,Max Wilkinson,Max,Wilkinson,Cheltenham,Liberal Democrat
5151,David Williams,David,Williams,Stoke-on-Trent North,Labour
4108,Sir Gavin Williamson,Gavin,Williamson,"Stone, Great Wyrley and Penkridge",Conservative
4776,Munira Wilson,Munira,Wilson,Twickenham,Liberal Democrat
1593,Sammy Wilson,Sammy,Wilson,East Antrim,Democratic Unionist Party
1440,Pete Wishart,Pete,Wishart,Perth and Kinross-shire,Scottish National Party
5221,Steve Witherden,Steve,Witherden,Montgomeryshire and Glyndŵr,Labour
4384,Mike Wood,Mike,Wood,Kingswinford and South Staffordshire,Conservative
5328,Sean Woodcock,Sean,Woodcock,Banbury,Labour
1560,Sir Jeremy Wright,Jeremy,Wright,Kenilworth and Southam,Conservative
5331,Rosie Wrighting,Rosie,Wrighting,Kettering,Labour
5111,Martin Wrigley,Martin,Wrigley,Newton Abbot,Liberal Democrat
5267,Yuan Yang,Yuan,Yang,Earley and Woodley,Labour
4598,Mohammad Yasin,Mohammad,Yasin,Bedford,Labour
5194,Steve Yemm,Steve,Yemm,Mansfield,Labour
5140,Claire Young,Claire,Young,Thornbury and Yate,Liberal Democrat
4382,Daniel Zeichner,Daniel,Zeichner,Cambridge,Labour
